"id.exposure","id.outcome","outcome","exposure","method","nsnp","b","se","pval","lo_ci","up_ci","or","or_lci95","or_uci95"
"6895_1_TFRC_TR","SCC","SCC","TFRC","MR Egger",9,-0.263300323804471,0.502662530876621,0.616579604776825,-1.24851888432265,0.721918236713706,0.768511060484536,0.286929458014972,2.05837788205158
"6895_1_TFRC_TR","SCC","SCC","TFRC","Weighted median",9,-0.265652154610604,0.18778166451406,0.157160482916913,-0.633704217058162,0.102399907836954,0.766705776191343,0.53062261477083,1.10782641161845
"6895_1_TFRC_TR","SCC","SCC","TFRC","Inverse variance weighted",9,-0.212184440300516,0.14366514935781,0.139692403232922,-0.493768133041823,0.069399252440791,0.808815505633499,0.610322280256418,1.07186406807618
"6895_1_TFRC_TR","SCC","SCC","TFRC","Simple mode",9,-0.311303435221719,0.288505615597354,0.312033791383435,-0.876774441792534,0.254167571349096,0.732491578400098,0.41612297817605,1.28938785062735
"6895_1_TFRC_TR","SCC","SCC","TFRC","Weighted mode",9,-0.265433845426593,0.244428199612283,0.309141632123874,-0.744513116666667,0.213645425813481,0.766873173375227,0.474965496436608,1.23818354902561
