"id.exposure","id.outcome","outcome","exposure","method","nsnp","b","se","pval","lo_ci","up_ci","or","or_lci95","or_uci95"
"KOWEMy","SCC","SCC","exposure","MR Egger",9,-0.263300323804471,0.502662530876621,0.616579604776825,-1.24851888432265,0.721918236713706,0.768511060484536,0.286929458014972,2.05837788205158
"KOWEMy","SCC","SCC","exposure","Weighted median",9,-0.265652154610604,0.185422571953692,0.151947851700535,-0.62908039563984,0.0977760864186317,0.766705776191343,0.53308180001737,1.1027158444089
"KOWEMy","SCC","SCC","exposure","Inverse variance weighted",9,-0.212184440300516,0.14366514935781,0.139692403232922,-0.493768133041823,0.069399252440791,0.808815505633499,0.610322280256418,1.07186406807618
"KOWEMy","SCC","SCC","exposure","Simple mode",9,-0.311303435221719,0.284419821340442,0.305582656431074,-0.868766285048986,0.246159414605548,0.732491578400098,0.419468735001996,1.279103465064
"KOWEMy","SCC","SCC","exposure","Weighted mode",9,-0.265433845426593,0.211685919899092,0.245276100152087,-0.680338248428813,0.149470557575627,0.766873173375227,0.506445658942176,1.16121928119782
